
{
	"1": {
		"name": "Merlot",
		"category":"featured",
		"winemaker": "John Smith",
		"tastSummary": ["toasty", "bold", "oak"],
		"foodPairings": ["meats", "pastas", "vegetarian"],
		"tastingNotes": "Merlot is a unique drinkable wine created in partnership with John Doe.Its bright cherry color and subtle notes of toasty spice are a result of aging in a combination of American and French oak barrels.Rich tannins make our Merlot a perfect match with a range of main courses including meats,pastas and vegetarian dishes.",
		"wineType": "Red Wine",
		"alcoholByVolume": 13.5,
		"containerType": "Bottle",
		"bottleMaterial": "Glass",
		"productPhotos": ["example1", "example2", "example3"]
	},"2":{
		"name": "Cabernet Sauvignon",
		"category":"featured",
		"winemaker": "Jane Doe",
		"tastSummary": ["dry", "bold"],
		"foodPairings": ["meats", "beef wellington", "korean-style beed stir fried in garlic"],
		"tastingNotes": "abernet Sauvignon is one of the world's most widely recognized red wine grape varieties. It is grown in nearly every major wine producing country among a diverse spectrum of climates from Canada's Okanagan Valley to Lebanon's Beqaa Valley",
		"wineType": "Red Wine",
		"alcoholByVolume": 14.5,
		"containerType": "Bottle",
		"bottleMaterial": "Glass",
		"productPhotos": ["example1", "example2", "example3"]
	},"3":{
		"name": "Chardonnay",
		"category":"featured",
		"winemaker": "John Doe",
		"tastSummary": ["notes of vanilla", "sweet spices", "buttery"],
		"foodPairings": ["Butternut squash risotto", "Japanese-style pork belly", "Roast chicken with honey-sesame carrots"],
		"tastingNotes": "Chardonnay is a green-skinned grape variety used to make white wine. It originated in the Burgundy wine region of eastern France, but is now grown wherever wine is produced, from England to New Zealand.",
		"wineType": "White Wine",
		"alcoholByVolume": 13.5,
		"containerType": "Bottle",
		"bottleMaterial": "Glass",
		"productPhotos": ["example1", "example2", "example3"]
	},"4":{
		"name": "Cabernet Sauvignon",
		"category":"featured",
		"winemaker": "Jane Doe",
		"tastSummary": ["dry", "bold"],
		"foodPairings": ["meats", "beef wellington", "korean-style beed stir fried in garlic"],
		"tastingNotes": "abernet Sauvignon is one of the world's most widely recognized red wine grape varieties. It is grown in nearly every major wine producing country among a diverse spectrum of climates from Canada's Okanagan Valley to Lebanon's Beqaa Valley",
		"wineType": "Red Wine",
		"alcoholByVolume": 14.5,
		"containerType": "Bottle",
		"bottleMaterial": "Glass",
		"productPhotos": ["example1", "example2", "example3"]
	},"5":{
		"name": "Chardonnay",
		"category":"featured",
		"winemaker": "John Doe",
		"tastSummary": ["notes of vanilla", "sweet spices", "buttery"],
		"foodPairings": ["Butternut squash risotto", "Japanese-style pork belly", "Roast chicken with honey-sesame carrots"],
		"tastingNotes": "Chardonnay is a green-skinned grape variety used to make white wine. It originated in the Burgundy wine region of eastern France, but is now grown wherever wine is produced, from England to New Zealand.",
		"wineType": "White Wine",
		"alcoholByVolume": 13.5,
		"containerType": "Bottle",
		"bottleMaterial": "Glass",
		"productPhotos": ["example1", "example2", "example3"]
	},"6":{
		"name": "Cabernet Sauvignon",
		"category":"featured",
		"winemaker": "Jane Doe",
		"tastSummary": ["dry", "bold"],
		"foodPairings": ["meats", "beef wellington", "korean-style beed stir fried in garlic"],
		"tastingNotes": "abernet Sauvignon is one of the world's most widely recognized red wine grape varieties. It is grown in nearly every major wine producing country among a diverse spectrum of climates from Canada's Okanagan Valley to Lebanon's Beqaa Valley",
		"wineType": "Red Wine",
		"alcoholByVolume": 14.5,
		"containerType": "Bottle",
		"bottleMaterial": "Glass",
		"productPhotos": ["example1", "example2", "example3"]
	},"7":{
		"name": "Chardonnay",
		"category":"featured",
		"winemaker": "John Doe",
		"tastSummary": ["notes of vanilla", "sweet spices", "buttery"],
		"foodPairings": ["Butternut squash risotto", "Japanese-style pork belly", "Roast chicken with honey-sesame carrots"],
		"tastingNotes": "Chardonnay is a green-skinned grape variety used to make white wine. It originated in the Burgundy wine region of eastern France, but is now grown wherever wine is produced, from England to New Zealand.",
		"wineType": "White Wine",
		"alcoholByVolume": 13.5,
		"containerType": "Bottle",
		"bottleMaterial": "Glass",
		"productPhotos": ["example1", "example2", "example3"]
	},"8":{
		"name": "Cabernet Sauvignon",
		"category":"featured",
		"winemaker": "Jane Doe",
		"tastSummary": ["dry", "bold"],
		"foodPairings": ["meats", "beef wellington", "korean-style beed stir fried in garlic"],
		"tastingNotes": "abernet Sauvignon is one of the world's most widely recognized red wine grape varieties. It is grown in nearly every major wine producing country among a diverse spectrum of climates from Canada's Okanagan Valley to Lebanon's Beqaa Valley",
		"wineType": "Red Wine",
		"alcoholByVolume": 14.5,
		"containerType": "Bottle",
		"bottleMaterial": "Glass",
		"productPhotos": ["example1", "example2", "example3"]
	},"9":{
		"name": "Chardonnay",
		"category":"featured",
		"winemaker": "John Doe",
		"tastSummary": ["notes of vanilla", "sweet spices", "buttery"],
		"foodPairings": ["Butternut squash risotto", "Japanese-style pork belly", "Roast chicken with honey-sesame carrots"],
		"tastingNotes": "Chardonnay is a green-skinned grape variety used to make white wine. It originated in the Burgundy wine region of eastern France, but is now grown wherever wine is produced, from England to New Zealand.",
		"wineType": "White Wine",
		"alcoholByVolume": 13.5,
		"containerType": "Bottle",
		"bottleMaterial": "Glass",
		"productPhotos": ["example1", "example2", "example3"]
	},"10":{
		"name": "Cabernet Sauvignon",
		"category":"featured",
		"winemaker": "Jane Doe",
		"tastSummary": ["dry", "bold"],
		"foodPairings": ["meats", "beef wellington", "korean-style beed stir fried in garlic"],
		"tastingNotes": "abernet Sauvignon is one of the world's most widely recognized red wine grape varieties. It is grown in nearly every major wine producing country among a diverse spectrum of climates from Canada's Okanagan Valley to Lebanon's Beqaa Valley",
		"wineType": "Red Wine",
		"alcoholByVolume": 14.5,
		"containerType": "Bottle",
		"bottleMaterial": "Glass",
		"productPhotos": ["example1", "example2", "example3"]
	},"11":{
		"name": "Chardonnay",
		"category":"featured",
		"winemaker": "John Doe",
		"tastSummary": ["notes of vanilla", "sweet spices", "buttery"],
		"foodPairings": ["Butternut squash risotto", "Japanese-style pork belly", "Roast chicken with honey-sesame carrots"],
		"tastingNotes": "Chardonnay is a green-skinned grape variety used to make white wine. It originated in the Burgundy wine region of eastern France, but is now grown wherever wine is produced, from England to New Zealand.",
		"wineType": "White Wine",
		"alcoholByVolume": 13.5,
		"containerType": "Bottle",
		"bottleMaterial": "Glass",
		"productPhotos": ["example1", "example2", "example3"]
	},"12":{
		"name": "Cabernet Sauvignon",
		"category":"featured",
		"winemaker": "Jane Doe",
		"tastSummary": ["dry", "bold"],
		"foodPairings": ["meats", "beef wellington", "korean-style beed stir fried in garlic"],
		"tastingNotes": "abernet Sauvignon is one of the world's most widely recognized red wine grape varieties. It is grown in nearly every major wine producing country among a diverse spectrum of climates from Canada's Okanagan Valley to Lebanon's Beqaa Valley",
		"wineType": "Red Wine",
		"alcoholByVolume": 14.5,
		"containerType": "Bottle",
		"bottleMaterial": "Glass",
		"productPhotos": ["example1", "example2", "example3"]
	},"13":{
		"name": "Chardonnay",
		"category":"featured",
		"winemaker": "John Doe",
		"tastSummary": ["notes of vanilla", "sweet spices", "buttery"],
		"foodPairings": ["Butternut squash risotto", "Japanese-style pork belly", "Roast chicken with honey-sesame carrots"],
		"tastingNotes": "Chardonnay is a green-skinned grape variety used to make white wine. It originated in the Burgundy wine region of eastern France, but is now grown wherever wine is produced, from England to New Zealand.",
		"wineType": "White Wine",
		"alcoholByVolume": 13.5,
		"containerType": "Bottle",
		"bottleMaterial": "Glass",
		"productPhotos": ["example1", "example2", "example3"]
	},"14":{
		"name": "Cabernet Sauvignon",
		"category":"featured",
		"winemaker": "Jane Doe",
		"tastSummary": ["dry", "bold"],
		"foodPairings": ["meats", "beef wellington", "korean-style beed stir fried in garlic"],
		"tastingNotes": "abernet Sauvignon is one of the world's most widely recognized red wine grape varieties. It is grown in nearly every major wine producing country among a diverse spectrum of climates from Canada's Okanagan Valley to Lebanon's Beqaa Valley",
		"wineType": "Red Wine",
		"alcoholByVolume": 14.5,
		"containerType": "Bottle",
		"bottleMaterial": "Glass",
		"productPhotos": ["example1", "example2", "example3"]
	},"15":{
		"name": "Chardonnay",
		"category":"featured",
		"winemaker": "John Doe",
		"tastSummary": ["notes of vanilla", "sweet spices", "buttery"],
		"foodPairings": ["Butternut squash risotto", "Japanese-style pork belly", "Roast chicken with honey-sesame carrots"],
		"tastingNotes": "Chardonnay is a green-skinned grape variety used to make white wine. It originated in the Burgundy wine region of eastern France, but is now grown wherever wine is produced, from England to New Zealand.",
		"wineType": "White Wine",
		"alcoholByVolume": 13.5,
		"containerType": "Bottle",
		"bottleMaterial": "Glass",
		"productPhotos": ["example1", "example2", "example3"]
	}
}
